{"qubits_used": [0, 1], "errors": {"0": 0.00341796875, "1": 0.00390625}, "prob_meas0_prep1": {"0": 0.00146484375, "1": 0.00244140625}, "prob_meas1_prep0": {"0": 0.00537109375, "1": 0.00537109375}, "frequencies": {"0": 4655635826.957838, "1": 4534960140.489452}, "dt": 2.2222222222222221e-10, "account": "arbitrandomuser"}